{"1": {"Acceptable": [], "Unacceptable": [2]}, "2": {"Acceptable": [], "Unacceptable": [1]}, "3": {}, "4": {"Acceptable": [], "Unacceptable": [5]}, "5": {"Acceptable": [], "Unacceptable": [4]}, "6": {"Acceptable": [], "Unacceptable": [7]}, "7": {"Acceptable": [], "Unacceptable": [6]}, "8": {"Acceptable": [], "Unacceptable": [9]}, "9": {"Acceptable": [], "Unacceptable": [8]}, "10": {"Acceptable": [14], "Unacceptable": [22]}, "11": {"Acceptable": [21, 12], "Unacceptable": [23]}, "12": {"Acceptable": [11, 13], "Unacceptable": [24]}, "13": {"Acceptable": [12], "Unacceptable": [25]}, "14": {"Acceptable": [10, 15], "Unacceptable": [26]}, "15": {"Acceptable": [14, 16], "Unacceptable": [27]}, "16": {"Acceptable": [15, 17], "Unacceptable": [28]}, "17": {"Acceptable": [16, 18], "Unacceptable": [29]}, "18": {"Acceptable": [17, 19], "Unacceptable": [30]}, "19": {"Acceptable": [18, 20], "Unacceptable": [31]}, "20": {"Acceptable": [19, 21], "Unacceptable": [32]}, "21": {"Acceptable": [20, 11], "Unacceptable": [33]}, "22": {"Acceptable": [26], "Unacceptable": [10]}, "23": {"Acceptable": [33, 24], "Unacceptable": [11]}, "24": {"Acceptable": [23, 25], "Unacceptable": [12]}, "25": {"Acceptable": [24], "Unacceptable": [13]}, "26": {"Acceptable": [22, 27], "Unacceptable": [14]}, "27": {"Acceptable": [26, 28], "Unacceptable": [15]}, "28": {"Acceptable": [27, 29], "Unacceptable": [16]}, "29": {"Acceptable": [28, 30], "Unacceptable": [17]}, "30": {"Acceptable": [29, 31], "Unacceptable": [18]}, "31": {"Acceptable": [30, 32], "Unacceptable": [19]}, "32": {"Acceptable": [31, 33], "Unacceptable": [20]}, "33": {"Acceptable": [32, 23], "Unacceptable": [21]}, "34": {}, "35": {"Acceptable": [], "Unacceptable": [36]}, "36": {"Acceptable": [], "Unacceptable": [35]}, "37": {}, "38": {}, "39": {"Acceptable": [40], "Unacceptable": []}, "40": {"Acceptable": [39, 41], "Unacceptable": []}, "41": {"Acceptable": [40, 42], "Unacceptable": []}, "42": {"Acceptable": [41, 43], "Unacceptable": []}, "43": {"Acceptable": [42, 44], "Unacceptable": []}, "44": {"Acceptable": [43, 45], "Unacceptable": []}, "45": {"Acceptable": [44, 52], "Unacceptable": []}, "46": {"Acceptable": [55, 47], "Unacceptable": []}, "47": {"Acceptable": [46, 48], "Unacceptable": []}, "48": {"Acceptable": [47, 49], "Unacceptable": []}, "49": {"Acceptable": [48, 50], "Unacceptable": []}, "50": {"Acceptable": [49, 51], "Unacceptable": []}, "51": {"Acceptable": [50], "Unacceptable": []}, "52": {"Acceptable": [45, 56], "Unacceptable": []}, "53": {"Acceptable": [63, 54], "Unacceptable": []}, "54": {"Acceptable": [53, 55], "Unacceptable": []}, "55": {"Acceptable": [54, 46], "Unacceptable": []}, "56": {"Acceptable": [52, 57], "Unacceptable": []}, "57": {"Acceptable": [56, 58], "Unacceptable": []}, "58": {"Acceptable": [57, 59], "Unacceptable": []}, "59": {"Acceptable": [58, 60], "Unacceptable": []}, "60": {"Acceptable": [59, 61], "Unacceptable": []}, "61": {"Acceptable": [60, 62], "Unacceptable": []}, "62": {"Acceptable": [61, 63], "Unacceptable": []}, "63": {"Acceptable": [62, 53], "Unacceptable": []}}